{"v":"5.5.7","meta":{"g":"LottieFiles AE 0.1.21","a":"","k":"","d":"","tc":""},"fr":30,"ip":0,"op":60,"w":162,"h":143,"nm":"Android Icon","ddd":0,"assets":[],"layers":[{"ddd":0,"ind":1,"ty":4,"nm":"Layer 7 Outlines","sr":1,"ks":{"o":{"a":0,"k":100,"ix":11},"r":{"a":0,"k":0,"ix":10},"p":{"a":1,"k":[{"i":{"x":0.667,"y":1},"o":{"x":0.333,"y":0},"t":0,"s":[80.9,71.047,0],"to":[0,-1,0],"ti":[0,0,0]},{"i":{"x":0.667,"y":1},"o":{"x":0.333,"y":0},"t":30,"s":[80.9,65.047,0],"to":[0,0,0],"ti":[0,-1,0]},{"t":60,"s":[80.9,71.047,0]}],"ix":2},"a":{"a":0,"k":[80.9,71.047,0],"ix":1},"s":{"a":0,"k":[100,100,100],"ix":6}},"ao":0,"shapes":[{"ty":"gr","it":[{"ind":0,"ty":"sh","ix":1,"ks":{"a":0,"k":{"i":[[0,0],[0,0],[-0.001,0.563],[0.563,0.001],[0,0],[0,0],[0.001,-0.563],[-0.563,-0.001]],"o":[[0,0],[0.563,0.001],[0.002,-0.562],[0,0],[0,0],[-0.563,-0.001],[-0.002,0.562],[0,0]],"v":[[-2.079,-9.224],[1.997,-9.224],[3.018,-10.241],[2.002,-11.262],[1.997,-11.262],[-2.079,-11.262],[-3.1,-10.245],[-2.084,-9.224]],"c":true},"ix":2},"nm":"Path 1","mn":"ADBE Vector Shape - Group","hd":false},{"ind":1,"ty":"sh","ix":2,"ks":{"a":0,"k":{"i":[[0,0],[0.412,0],[0,0],[0,0],[0.563,0],[0,0],[0,-0.563],[0,0],[0,0],[0,-0.563],[-0.191,-0.191],[0,0],[-0.398,0.398],[0,0],[0.157,0.381]],"o":[[-0.157,-0.381],[0,0],[0,0],[0,-0.563],[0,0],[-0.563,0],[0,0],[0,0],[-0.563,0],[0,0.271],[0,0],[0.398,0.398],[0,0],[0.291,-0.292],[0,0]],"v":[[7.021,3.638],[6.08,3.009],[3.021,3.009],[3.021,-6.162],[2.002,-7.181],[-2.079,-7.181],[-3.098,-6.162],[-3.098,3.01],[-6.155,3.01],[-7.174,4.029],[-6.875,4.75],[-0.76,10.865],[0.681,10.865],[6.796,4.75],[7.017,3.639]],"c":true},"ix":2},"nm":"Path 2","mn":"ADBE Vector Shape - Group","hd":false},{"ty":"mm","mm":1,"nm":"Merge Paths 1","mn":"ADBE Vector Filter - Merge","hd":false},{"ty":"fl","c":{"a":0,"k":[0.678431372549,0.862745157878,1,1],"ix":4},"o":{"a":0,"k":100,"ix":5},"r":1,"bm":0,"nm":"Fill 1","mn":"ADBE Vector Graphic - Fill","hd":false},{"ty":"tr","p":{"a":0,"k":[82.321,65.009],"ix":2},"a":{"a":0,"k":[0,0],"ix":1},"s":{"a":0,"k":[100,100],"ix":3},"r":{"a":0,"k":0,"ix":6},"o":{"a":0,"k":100,"ix":7},"sk":{"a":0,"k":0,"ix":4},"sa":{"a":0,"k":0,"ix":5},"nm":"Transform"}],"nm":"Group 1","np":6,"cix":2,"bm":0,"ix":1,"mn":"ADBE Vector Group","hd":false}],"ip":0,"op":60,"st":0,"bm":0},{"ddd":0,"ind":2,"ty":4,"nm":"Layer 6 Outlines","sr":1,"ks":{"o":{"a":0,"k":100,"ix":11},"r":{"a":0,"k":0,"ix":10},"p":{"a":0,"k":[80.9,71.047,0],"ix":2},"a":{"a":0,"k":[80.9,71.047,0],"ix":1},"s":{"a":0,"k":[100,100,100],"ix":6}},"ao":0,"shapes":[{"ty":"gr","it":[{"ind":0,"ty":"sh","ix":1,"ks":{"a":0,"k":{"i":[[0.328,-3.671],[3.926,0.035],[0,0],[0.479,3.251],[-3.569,0.436],[-0.028,0.003],[-0.003,0.008],[-3.596,-0.556],[-0.003,0.005],[-3.778,-2.924],[-0.462,-1.911],[-0.005,-0.003]],"o":[[-0.429,3.903],[0,0],[-3.286,0.031],[-0.437,-3.569],[0.028,-0.004],[0.005,0],[1.003,-3.498],[0.005,0],[2.924,-3.778],[1.554,1.203],[0,0],[3.569,0.92]],"v":[[17.403,4.428],[9.733,11.239],[-10.724,11.239],[-17.294,5.621],[-11.622,-1.632],[-11.539,-1.642],[-11.528,-1.65],[-3.481,-6.798],[-3.47,-6.803],[8.665,-8.35],[11.779,-3.54],[11.784,-3.532]],"c":true},"ix":2},"nm":"Path 1","mn":"ADBE Vector Shape - Group","hd":false},{"ty":"fl","c":{"a":0,"k":[0,0.564705882353,1,1],"ix":4},"o":{"a":0,"k":100,"ix":5},"r":1,"bm":0,"nm":"Fill 1","mn":"ADBE Vector Graphic - Fill","hd":false},{"ty":"tr","p":{"a":0,"k":[82.238,53.209],"ix":2},"a":{"a":0,"k":[0,0],"ix":1},"s":{"a":0,"k":[100,100],"ix":3},"r":{"a":0,"k":0,"ix":6},"o":{"a":0,"k":100,"ix":7},"sk":{"a":0,"k":0,"ix":4},"sa":{"a":0,"k":0,"ix":5},"nm":"Transform"}],"nm":"Group 1","np":4,"cix":2,"bm":0,"ix":1,"mn":"ADBE Vector Group","hd":false}],"ip":0,"op":60,"st":0,"bm":0},{"ddd":0,"ind":3,"ty":4,"nm":"Phone Mask","td":1,"sr":1,"ks":{"o":{"a":0,"k":100,"ix":11},"r":{"a":0,"k":0,"ix":10},"p":{"a":0,"k":[81,71.5,0],"ix":2},"a":{"a":0,"k":[0,0,0],"ix":1},"s":{"a":0,"k":[100,100,100],"ix":6}},"ao":0,"shapes":[{"ty":"gr","it":[{"d":1,"ty":"el","s":{"a":0,"k":[78,39.5],"ix":2},"p":{"a":0,"k":[0,0],"ix":3},"nm":"Ellipse Path 1","mn":"ADBE Vector Shape - Ellipse","hd":false},{"ty":"fl","c":{"a":0,"k":[0.945097979377,0.055593999227,0.055593999227,1],"ix":4},"o":{"a":0,"k":100,"ix":5},"r":1,"bm":0,"nm":"Fill 1","mn":"ADBE Vector Graphic - Fill","hd":false},{"ty":"tr","p":{"a":0,"k":[4.5,-52.375],"ix":2},"a":{"a":0,"k":[0,0],"ix":1},"s":{"a":0,"k":[99.053,139.523],"ix":3},"r":{"a":0,"k":0,"ix":6},"o":{"a":0,"k":100,"ix":7},"sk":{"a":0,"k":0,"ix":4},"sa":{"a":0,"k":0,"ix":5},"nm":"Transform"}],"nm":"Ellipse 2","np":3,"cix":2,"bm":0,"ix":1,"mn":"ADBE Vector Group","hd":false},{"ty":"gr","it":[{"d":1,"ty":"el","s":{"a":0,"k":[118,118],"ix":2},"p":{"a":0,"k":[0,0],"ix":3},"nm":"Ellipse Path 1","mn":"ADBE Vector Shape - Ellipse","hd":false},{"ty":"fl","c":{"a":0,"k":[0.945097979377,0.055593999227,0.055593999227,1],"ix":4},"o":{"a":0,"k":100,"ix":5},"r":1,"bm":0,"nm":"Fill 1","mn":"ADBE Vector Graphic - Fill","hd":false},{"ty":"tr","p":{"a":0,"k":[2,-1.5],"ix":2},"a":{"a":0,"k":[0,0],"ix":1},"s":{"a":0,"k":[100,100],"ix":3},"r":{"a":0,"k":0,"ix":6},"o":{"a":0,"k":100,"ix":7},"sk":{"a":0,"k":0,"ix":4},"sa":{"a":0,"k":0,"ix":5},"nm":"Transform"}],"nm":"Ellipse 1","np":3,"cix":2,"bm":0,"ix":2,"mn":"ADBE Vector Group","hd":false}],"ip":60,"op":60,"st":0,"bm":0,"hidden":0},{"ddd":0,"ind":4,"ty":4,"nm":"Phone","tt":1,"sr":1,"ks":{"o":{"a":0,"k":100,"ix":11},"r":{"a":0,"k":0,"ix":10},"p":{"a":0,"k":[80.9,71.047,0],"ix":2},"a":{"a":0,"k":[80.9,71.047,0],"ix":1},"s":{"a":0,"k":[100,100,100],"ix":6}},"ao":0,"shapes":[{"ty":"gr","it":[{"ind":0,"ty":"sh","ix":1,"ks":{"a":0,"k":{"i":[[0,-0.582],[0.582,0],[0,0.582],[-0.582,0]],"o":[[0,0.582],[-0.582,0],[0,-0.582],[0.582,0]],"v":[[1.054,0],[0,1.054],[-1.054,0],[0,-1.054]],"c":true},"ix":2},"nm":"Path 1","mn":"ADBE Vector Shape - Group","hd":false},{"ty":"fl","c":{"a":0,"k":[1,1,1,1],"ix":4},"o":{"a":0,"k":100,"ix":5},"r":1,"bm":0,"nm":"Fill 1","mn":"ADBE Vector Graphic - Fill","hd":false},{"ty":"tr","p":{"a":0,"k":[90.33,14.41],"ix":2},"a":{"a":0,"k":[0,0],"ix":1},"s":{"a":0,"k":[100,100],"ix":3},"r":{"a":0,"k":0,"ix":6},"o":{"a":0,"k":100,"ix":7},"sk":{"a":0,"k":0,"ix":4},"sa":{"a":0,"k":0,"ix":5},"nm":"Transform"}],"nm":"Group 1","np":4,"cix":2,"bm":0,"ix":1,"mn":"ADBE Vector Group","hd":false},{"ty":"gr","it":[{"ind":0,"ty":"sh","ix":1,"ks":{"a":0,"k":{"i":[[0.022,0.001],[0,0],[0.018,0.582],[-0.582,0.018],[-0.022,-0.001],[0,0],[-0.018,-0.582],[0.582,-0.018]],"o":[[0,0],[-0.582,0.018],[-0.018,-0.582],[0.022,-0.001],[0,0],[0.582,-0.018],[0.018,0.582],[-0.022,0.001]],"v":[[5.05,1.053],[-5.05,1.053],[-6.136,0.033],[-5.115,-1.053],[-5.05,-1.053],[5.05,-1.053],[6.136,-0.033],[5.115,1.053]],"c":true},"ix":2},"nm":"Path 1","mn":"ADBE Vector Shape - Group","hd":false},{"ty":"fl","c":{"a":0,"k":[1,1,1,1],"ix":4},"o":{"a":0,"k":100,"ix":5},"r":1,"bm":0,"nm":"Fill 1","mn":"ADBE Vector Graphic - Fill","hd":false},{"ty":"tr","p":{"a":0,"k":[79.288,14.414],"ix":2},"a":{"a":0,"k":[0,0],"ix":1},"s":{"a":0,"k":[100,100],"ix":3},"r":{"a":0,"k":0,"ix":6},"o":{"a":0,"k":100,"ix":7},"sk":{"a":0,"k":0,"ix":4},"sa":{"a":0,"k":0,"ix":5},"nm":"Transform"}],"nm":"Group 2","np":4,"cix":2,"bm":0,"ix":2,"mn":"ADBE Vector Group","hd":false},{"ty":"gr","it":[{"ind":0,"ty":"sh","ix":1,"ks":{"a":0,"k":{"i":[[0,0],[0.006,-3.808],[0,0],[-3.808,-0.006],[0,0],[-0.006,3.808],[0,0],[3.808,0.006]],"o":[[-3.808,0.006],[0,0],[0.006,3.808],[0,0],[3.808,-0.006],[0,0],[-0.006,-3.808],[0,0]],"v":[[-26.016,-59.453],[-32.917,-52.553],[-32.917,52.547],[-26.016,59.447],[26.017,59.447],[32.917,52.547],[32.917,-52.553],[26.017,-59.453]],"c":true},"ix":2},"nm":"Path 1","mn":"ADBE Vector Shape - Group","hd":false},{"ind":1,"ty":"sh","ix":2,"ks":{"a":0,"k":{"i":[[5.334,-0.006],[0,0],[0.006,5.334],[0,0],[-5.334,0.006],[0,0],[-0.006,-5.334],[0,0]],"o":[[0,0],[-5.334,-0.006],[0,0],[0.006,-5.334],[0,0],[5.334,0.006],[0,0],[-0.006,5.334]],"v":[[26.017,62.213],[-26.016,62.213],[-35.68,52.55],[-35.68,-52.55],[-26.016,-62.213],[26.017,-62.213],[35.68,-52.55],[35.68,52.55]],"c":true},"ix":2},"nm":"Path 2","mn":"ADBE Vector Shape - Group","hd":false},{"ty":"mm","mm":1,"nm":"Merge Paths 1","mn":"ADBE Vector Filter - Merge","hd":false},{"ty":"fl","c":{"a":0,"k":[0,0.572549019608,1,1],"ix":4},"o":{"a":0,"k":100,"ix":5},"r":1,"bm":0,"nm":"Fill 1","mn":"ADBE Vector Graphic - Fill","hd":false},{"ty":"tr","p":{"a":0,"k":[83.684,72.813],"ix":2},"a":{"a":0,"k":[0,0],"ix":1},"s":{"a":0,"k":[100,100],"ix":3},"r":{"a":0,"k":0,"ix":6},"o":{"a":0,"k":100,"ix":7},"sk":{"a":0,"k":0,"ix":4},"sa":{"a":0,"k":0,"ix":5},"nm":"Transform"}],"nm":"Group 3","np":6,"cix":2,"bm":0,"ix":3,"mn":"ADBE Vector Group","hd":false},{"ty":"gr","it":[{"ind":0,"ty":"sh","ix":1,"ks":{"a":0,"k":{"i":[[-1.809,0.012],[0,0],[0.012,-1.809],[0,0],[0,0],[1.809,-0.013],[0,0],[0,0],[-0.012,1.809],[0,0],[0,0]],"o":[[0,0],[1.809,0.012],[0,0],[0,0],[0.013,1.809],[0,0],[0,0],[-1.809,-0.012],[0,0],[0,0],[-0.012,-1.809]],"v":[[-29.665,-57.157],[29.665,-57.157],[32.919,-53.859],[32.919,-53.857],[32.919,53.857],[29.667,57.157],[29.665,57.157],[-29.665,57.157],[-32.92,53.859],[-32.92,53.857],[-32.92,-53.859]],"c":true},"ix":2},"nm":"Path 1","mn":"ADBE Vector Shape - Group","hd":false},{"ty":"fl","c":{"a":0,"k":[1,1,1,1],"ix":4},"o":{"a":0,"k":100,"ix":5},"r":1,"bm":0,"nm":"Fill 1","mn":"ADBE Vector Graphic - Fill","hd":false},{"ty":"tr","p":{"a":0,"k":[83.686,75.11],"ix":2},"a":{"a":0,"k":[0,0],"ix":1},"s":{"a":0,"k":[100,100],"ix":3},"r":{"a":0,"k":0,"ix":6},"o":{"a":0,"k":100,"ix":7},"sk":{"a":0,"k":0,"ix":4},"sa":{"a":0,"k":0,"ix":5},"nm":"Transform"}],"nm":"Group 4","np":4,"cix":2,"bm":0,"ix":4,"mn":"ADBE Vector Group","hd":false},{"ty":"gr","it":[{"ind":0,"ty":"sh","ix":1,"ks":{"a":0,"k":{"i":[[0,0],[0,0],[0,4.575],[0,0],[-4.575,0.002],[0,0],[0,0],[0,-4.575],[0,0],[4.575,0]],"o":[[0,0],[-4.575,0],[0,0],[-0.002,-4.575],[0,0],[0,0],[4.575,0],[0,0],[0,4.575],[0,0]],"v":[[26.016,60.835],[-26.014,60.835],[-34.297,52.551],[-34.297,-52.549],[-26.017,-60.835],[-26.014,-60.835],[26.016,-60.835],[34.299,-52.551],[34.299,52.549],[26.016,60.832]],"c":true},"ix":2},"nm":"Path 1","mn":"ADBE Vector Shape - Group","hd":false},{"ty":"fl","c":{"a":0,"k":[0,0.572549019608,1,1],"ix":4},"o":{"a":0,"k":100,"ix":5},"r":1,"bm":0,"nm":"Fill 1","mn":"ADBE Vector Graphic - Fill","hd":false},{"ty":"tr","p":{"a":0,"k":[83.685,72.811],"ix":2},"a":{"a":0,"k":[0,0],"ix":1},"s":{"a":0,"k":[100,100],"ix":3},"r":{"a":0,"k":0,"ix":6},"o":{"a":0,"k":100,"ix":7},"sk":{"a":0,"k":0,"ix":4},"sa":{"a":0,"k":0,"ix":5},"nm":"Transform"}],"nm":"Group 5","np":4,"cix":2,"bm":0,"ix":5,"mn":"ADBE Vector Group","hd":false},{"ty":"gr","it":[{"ind":0,"ty":"sh","ix":1,"ks":{"a":0,"k":{"i":[[4.575,0],[0,0],[0,4.575],[0,0],[-4.575,0],[0,0],[-0.001,-4.574],[0,0],[0,0]],"o":[[0,0],[-4.575,0],[0,0],[0,-4.575],[0,0],[4.574,-0.001],[0,0],[0,0],[0,4.575]],"v":[[26.015,60.833],[-26.015,60.833],[-34.298,52.55],[-34.298,-52.55],[-26.015,-60.833],[26.015,-60.833],[34.298,-52.552],[34.298,-52.55],[34.298,52.55]],"c":true},"ix":2},"nm":"Path 1","mn":"ADBE Vector Shape - Group","hd":false},{"ty":"fl","c":{"a":0,"k":[0,0.572549019608,1,1],"ix":4},"o":{"a":0,"k":10,"ix":5},"r":1,"bm":0,"nm":"Fill 1","mn":"ADBE Vector Graphic - Fill","hd":false},{"ty":"tr","p":{"a":0,"k":[86.148,76.156],"ix":2},"a":{"a":0,"k":[0,0],"ix":1},"s":{"a":0,"k":[100,100],"ix":3},"r":{"a":0,"k":0,"ix":6},"o":{"a":0,"k":100,"ix":7},"sk":{"a":0,"k":0,"ix":4},"sa":{"a":0,"k":0,"ix":5},"nm":"Transform"}],"nm":"Group 6","np":4,"cix":2,"bm":0,"ix":6,"mn":"ADBE Vector Group","hd":false}],"ip":60,"op":60,"st":0,"bm":0,"hidden":0},{"ddd":0,"ind":5,"ty":4,"nm":"Layer 4 Outlines","sr":1,"ks":{"o":{"a":0,"k":100,"ix":11},"r":{"a":0,"k":0,"ix":10},"p":{"a":0,"k":[80.9,71.047,0],"ix":2},"a":{"a":0,"k":[80.9,71.047,0],"ix":1},"s":{"a":0,"k":[100,100,100],"ix":6}},"ao":0,"shapes":[{"ty":"gr","it":[{"ind":0,"ty":"sh","ix":1,"ks":{"a":0,"k":{"i":[[1.159,0.205],[9.69,4.549],[8.522,8.17],[0,0],[-12.487,-5.782],[-11.687,-1.781],[0,0]],"o":[[-10.525,-1.953],[-12.539,-5.805],[0,0],[8.482,8.129],[10.691,5.046],[0,0],[-1.139,-0.159]],"v":[[29.561,15.494],[-0.885,5.701],[-33.079,-15.662],[-32.717,-16.039],[-0.666,5.226],[33.079,15.521],[33.008,16.039]],"c":true},"ix":2},"nm":"Path 1","mn":"ADBE Vector Shape - Group","hd":false},{"ty":"fl","c":{"a":0,"k":[0.941176530427,0.941176530427,0.941176530427,1],"ix":4},"o":{"a":0,"k":100,"ix":5},"r":1,"bm":0,"nm":"Fill 1","mn":"ADBE Vector Graphic - Fill","hd":false},{"ty":"tr","p":{"a":0,"k":[83.022,94.886],"ix":2},"a":{"a":0,"k":[0,0],"ix":1},"s":{"a":0,"k":[100,100],"ix":3},"r":{"a":0,"k":0,"ix":6},"o":{"a":0,"k":100,"ix":7},"sk":{"a":0,"k":0,"ix":4},"sa":{"a":0,"k":0,"ix":5},"nm":"Transform"}],"nm":"Group 1","np":4,"cix":2,"bm":0,"ix":1,"mn":"ADBE Vector Group","hd":false},{"ty":"gr","it":[{"ind":0,"ty":"sh","ix":1,"ks":{"a":0,"k":{"i":[[9.522,-1.451],[0,0],[-2.693,5.816],[8.638,10.383],[15.748,7.292],[0,0],[-8.73,-10.494],[3.513,-7.588]],"o":[[0,0],[9.34,-1.422],[3.424,-7.395],[-8.681,-10.436],[0,0],[15.816,7.324],[8.775,10.547],[-2.772,5.988]],"v":[[2.674,33.56],[2.597,33.038],[20.991,21.972],[12.905,-5.596],[-24.978,-33.086],[-24.758,-33.56],[13.306,-5.93],[21.465,22.192]],"c":true},"ix":2},"nm":"Path 1","mn":"ADBE Vector Shape - Group","hd":false},{"ty":"fl","c":{"a":0,"k":[0.941176530427,0.941176530427,0.941176530427,1],"ix":4},"o":{"a":0,"k":100,"ix":5},"r":1,"bm":0,"nm":"Fill 1","mn":"ADBE Vector Graphic - Fill","hd":false},{"ty":"tr","p":{"a":0,"k":[120.851,76.211],"ix":2},"a":{"a":0,"k":[0,0],"ix":1},"s":{"a":0,"k":[100,100],"ix":3},"r":{"a":0,"k":0,"ix":6},"o":{"a":0,"k":100,"ix":7},"sk":{"a":0,"k":0,"ix":4},"sa":{"a":0,"k":0,"ix":5},"nm":"Transform"}],"nm":"Group 2","np":4,"cix":2,"bm":0,"ix":2,"mn":"ADBE Vector Group","hd":false},{"ty":"gr","it":[{"ind":0,"ty":"sh","ix":1,"ks":{"a":0,"k":{"i":[[0,0],[3.138,1.454],[16.58,1.23],[0,0],[-18.114,-8.388],[-3.028,-1.612]],"o":[[-3.016,-1.607],[-18.058,-8.362],[0,0],[16.643,1.235],[3.148,1.457],[0,0]],"v":[[30.989,9.898],[21.713,5.285],[-31.234,-9.377],[-31.196,-9.898],[21.932,4.811],[31.234,9.436]],"c":true},"ix":2},"nm":"Path 1","mn":"ADBE Vector Shape - Group","hd":false},{"ty":"fl","c":{"a":0,"k":[0.941176530427,0.941176530427,0.941176530427,1],"ix":4},"o":{"a":0,"k":100,"ix":5},"r":1,"bm":0,"nm":"Fill 1","mn":"ADBE Vector Graphic - Fill","hd":false},{"ty":"tr","p":{"a":0,"k":[91.935,33.334],"ix":2},"a":{"a":0,"k":[0,0],"ix":1},"s":{"a":0,"k":[100,100],"ix":3},"r":{"a":0,"k":0,"ix":6},"o":{"a":0,"k":100,"ix":7},"sk":{"a":0,"k":0,"ix":4},"sa":{"a":0,"k":0,"ix":5},"nm":"Transform"}],"nm":"Group 3","np":4,"cix":2,"bm":0,"ix":3,"mn":"ADBE Vector Group","hd":false},{"ty":"gr","it":[{"ind":0,"ty":"sh","ix":1,"ks":{"a":0,"k":{"i":[[9.522,-1.451],[0,0],[-2.693,5.816],[8.638,10.383],[15.748,7.292],[0,0],[-8.73,-10.494],[3.514,-7.588]],"o":[[0,0],[9.34,-1.422],[3.424,-7.395],[-8.681,-10.436],[0,0],[15.815,7.323],[8.775,10.547],[-2.77,5.989]],"v":[[2.674,33.56],[2.597,33.038],[20.991,21.972],[12.905,-5.596],[-24.978,-33.086],[-24.758,-33.56],[13.306,-5.93],[21.464,22.192]],"c":true},"ix":2},"nm":"Path 1","mn":"ADBE Vector Shape - Group","hd":false},{"ty":"fl","c":{"a":0,"k":[0.941176530427,0.941176530427,0.941176530427,1],"ix":4},"o":{"a":0,"k":100,"ix":5},"r":1,"bm":0,"nm":"Fill 1","mn":"ADBE Vector Graphic - Fill","hd":false},{"ty":"tr","p":{"a":0,"k":[133.091,77.576],"ix":2},"a":{"a":0,"k":[0,0],"ix":1},"s":{"a":0,"k":[100,100],"ix":3},"r":{"a":0,"k":0,"ix":6},"o":{"a":0,"k":100,"ix":7},"sk":{"a":0,"k":0,"ix":4},"sa":{"a":0,"k":0,"ix":5},"nm":"Transform"}],"nm":"Group 4","np":4,"cix":2,"bm":0,"ix":4,"mn":"ADBE Vector Group","hd":false},{"ty":"gr","it":[{"ind":0,"ty":"sh","ix":1,"ks":{"a":0,"k":{"i":[[0.763,0],[0,0.762],[0.915,0.001],[0,0.763],[-0.762,0],[-0.001,0.914],[-0.762,0],[0,-0.762],[-0.915,-0.001],[0,-0.762],[0.762,0],[0.001,-0.915]],"o":[[-0.762,-0.001],[-0.001,-0.915],[-0.762,0],[0,-0.762],[0.915,-0.001],[0,-0.762],[0.763,0],[0.001,0.915],[0.762,0],[0,0.763],[-0.915,0.001],[0,0.763]],"v":[[-0.001,4.419],[-1.381,3.038],[-3.036,1.381],[-4.417,-0.001],[-3.036,-1.38],[-1.381,-3.037],[-0.001,-4.419],[1.38,-3.037],[3.038,-1.38],[4.417,-0.001],[3.038,1.381],[1.38,3.038]],"c":true},"ix":2},"nm":"Path 1","mn":"ADBE Vector Shape - Group","hd":false},{"ty":"fl","c":{"a":0,"k":[0,0.572549019608,1,1],"ix":4},"o":{"a":0,"k":10,"ix":5},"r":1,"bm":0,"nm":"Fill 1","mn":"ADBE Vector Graphic - Fill","hd":false},{"ty":"tr","p":{"a":0,"k":[40.412,69.323],"ix":2},"a":{"a":0,"k":[0,0],"ix":1},"s":{"a":0,"k":[100,100],"ix":3},"r":{"a":0,"k":0,"ix":6},"o":{"a":0,"k":100,"ix":7},"sk":{"a":0,"k":0,"ix":4},"sa":{"a":0,"k":0,"ix":5},"nm":"Transform"}],"nm":"Group 5","np":4,"cix":2,"bm":0,"ix":5,"mn":"ADBE Vector Group","hd":false},{"ty":"gr","it":[{"ind":0,"ty":"sh","ix":1,"ks":{"a":0,"k":{"i":[[0.763,0],[0,0.762],[0.915,0.001],[-0.021,0.762],[-0.733,0.02],[-0.001,0.915],[-0.763,-0.021],[-0.02,-0.733],[-0.915,-0.001],[0.021,-0.763],[0.733,-0.02],[0.001,-0.915]],"o":[[-0.762,-0.001],[-0.001,-0.915],[-0.762,-0.021],[0.02,-0.733],[0.915,-0.001],[0.021,-0.762],[0.733,0.02],[0.001,0.915],[0.762,0.021],[-0.02,0.733],[-0.915,0.001],[0,0.763]],"v":[[-0.011,4.409],[-1.391,3.028],[-3.048,1.372],[-4.391,-0.046],[-3.048,-1.389],[-1.391,-3.045],[0.027,-4.388],[1.37,-3.045],[3.027,-1.389],[4.37,0.029],[3.027,1.372],[1.37,3.028]],"c":true},"ix":2},"nm":"Path 1","mn":"ADBE Vector Shape - Group","hd":false},{"ty":"fl","c":{"a":0,"k":[0,0.572549019608,1,1],"ix":4},"o":{"a":0,"k":10,"ix":5},"r":1,"bm":0,"nm":"Fill 1","mn":"ADBE Vector Graphic - Fill","hd":false},{"ty":"tr","p":{"a":0,"k":[35.535,83.058],"ix":2},"a":{"a":0,"k":[0,0],"ix":1},"s":{"a":0,"k":[100,100],"ix":3},"r":{"a":0,"k":0,"ix":6},"o":{"a":0,"k":100,"ix":7},"sk":{"a":0,"k":0,"ix":4},"sa":{"a":0,"k":0,"ix":5},"nm":"Transform"}],"nm":"Group 6","np":4,"cix":2,"bm":0,"ix":6,"mn":"ADBE Vector Group","hd":false},{"ty":"gr","it":[{"ind":0,"ty":"sh","ix":1,"ks":{"a":0,"k":{"i":[[0,0],[0,-0.654],[-0.654,0],[0,0.654],[0.655,0.001]],"o":[[-0.654,0],[0,0.654],[0.654,0],[0,-0.655],[0,0]],"v":[[0,-1.184],[-1.185,0.001],[0,1.186],[1.185,0.001],[0,-1.185]],"c":true},"ix":2},"nm":"Path 1","mn":"ADBE Vector Shape - Group","hd":false},{"ind":1,"ty":"sh","ix":2,"ks":{"a":0,"k":{"i":[[2.178,-0.002],[0,2.179],[-2.179,0],[0,-2.179]],"o":[[-2.179,0],[0,-2.179],[2.179,0],[-0.002,2.178]],"v":[[0,3.946],[-3.946,0],[0,-3.946],[3.946,0]],"c":true},"ix":2},"nm":"Path 2","mn":"ADBE Vector Shape - Group","hd":false},{"ty":"mm","mm":1,"nm":"Merge Paths 1","mn":"ADBE Vector Filter - Merge","hd":false},{"ty":"fl","c":{"a":0,"k":[0,0.572549019608,1,1],"ix":4},"o":{"a":0,"k":10,"ix":5},"r":1,"bm":0,"nm":"Fill 1","mn":"ADBE Vector Graphic - Fill","hd":false},{"ty":"tr","p":{"a":0,"k":[130.327,60.502],"ix":2},"a":{"a":0,"k":[0,0],"ix":1},"s":{"a":0,"k":[100,100],"ix":3},"r":{"a":0,"k":0,"ix":6},"o":{"a":0,"k":100,"ix":7},"sk":{"a":0,"k":0,"ix":4},"sa":{"a":0,"k":0,"ix":5},"nm":"Transform"}],"nm":"Group 7","np":6,"cix":2,"bm":0,"ix":7,"mn":"ADBE Vector Group","hd":false},{"ty":"gr","it":[{"ind":0,"ty":"sh","ix":1,"ks":{"a":0,"k":{"i":[[0.654,0.001],[0,-0.654],[-0.654,0],[0,0.654]],"o":[[-0.654,0],[0,0.654],[0.654,0],[-0.001,-0.654]],"v":[[0,-1.185],[-1.185,0],[0,1.185],[1.185,0]],"c":true},"ix":2},"nm":"Path 1","mn":"ADBE Vector Shape - Group","hd":false},{"ind":1,"ty":"sh","ix":2,"ks":{"a":0,"k":{"i":[[2.178,-0.002],[0,2.179],[-2.179,0],[0,-2.179]],"o":[[-2.179,0],[0,-2.179],[2.179,0],[-0.002,2.178]],"v":[[0,3.946],[-3.946,0],[0,-3.946],[3.946,0]],"c":true},"ix":2},"nm":"Path 2","mn":"ADBE Vector Shape - Group","hd":false},{"ty":"mm","mm":1,"nm":"Merge Paths 1","mn":"ADBE Vector Filter - Merge","hd":false},{"ty":"fl","c":{"a":0,"k":[0,0.572549019608,1,1],"ix":4},"o":{"a":0,"k":10,"ix":5},"r":1,"bm":0,"nm":"Fill 1","mn":"ADBE Vector Graphic - Fill","hd":false},{"ty":"tr","p":{"a":0,"k":[132.893,48.37],"ix":2},"a":{"a":0,"k":[0,0],"ix":1},"s":{"a":0,"k":[100,100],"ix":3},"r":{"a":0,"k":0,"ix":6},"o":{"a":0,"k":100,"ix":7},"sk":{"a":0,"k":0,"ix":4},"sa":{"a":0,"k":0,"ix":5},"nm":"Transform"}],"nm":"Group 8","np":6,"cix":2,"bm":0,"ix":8,"mn":"ADBE Vector Group","hd":false},{"ty":"gr","it":[{"ind":0,"ty":"sh","ix":1,"ks":{"a":0,"k":{"i":[[0,0],[5.673,13.01],[0,0],[-17.766,-11.954]],"o":[[-17.847,-12.009],[0,0],[5.634,12.92],[0,0]],"v":[[18.09,19.503],[-18.383,-19.294],[-17.904,-19.503],[18.383,19.069]],"c":true},"ix":2},"nm":"Path 1","mn":"ADBE Vector Shape - Group","hd":false},{"ty":"fl","c":{"a":0,"k":[0.941176530427,0.941176530427,0.941176530427,1],"ix":4},"o":{"a":0,"k":100,"ix":5},"r":1,"bm":0,"nm":"Fill 1","mn":"ADBE Vector Graphic - Fill","hd":false},{"ty":"tr","p":{"a":0,"k":[23.892,79.425],"ix":2},"a":{"a":0,"k":[0,0],"ix":1},"s":{"a":0,"k":[100,100],"ix":3},"r":{"a":0,"k":0,"ix":6},"o":{"a":0,"k":100,"ix":7},"sk":{"a":0,"k":0,"ix":4},"sa":{"a":0,"k":0,"ix":5},"nm":"Transform"}],"nm":"Group 9","np":4,"cix":2,"bm":0,"ix":9,"mn":"ADBE Vector Group","hd":false},{"ty":"gr","it":[{"ind":0,"ty":"sh","ix":1,"ks":{"a":0,"k":{"i":[[1.158,0.205],[9.69,4.549],[8.522,8.17],[0,0],[-12.487,-5.782],[-11.687,-1.781],[0,0]],"o":[[-10.525,-1.953],[-12.539,-5.806],[0,0],[8.482,8.129],[10.691,5.046],[0,0],[-1.14,-0.159]],"v":[[29.561,15.494],[-0.885,5.701],[-33.079,-15.662],[-32.717,-16.039],[-0.666,5.226],[33.079,15.521],[33.008,16.039]],"c":true},"ix":2},"nm":"Path 1","mn":"ADBE Vector Shape - Group","hd":false},{"ty":"fl","c":{"a":0,"k":[0.941176530427,0.941176530427,0.941176530427,1],"ix":4},"o":{"a":0,"k":100,"ix":5},"r":1,"bm":0,"nm":"Fill 1","mn":"ADBE Vector Graphic - Fill","hd":false},{"ty":"tr","p":{"a":0,"k":[70.784,93.522],"ix":2},"a":{"a":0,"k":[0,0],"ix":1},"s":{"a":0,"k":[100,100],"ix":3},"r":{"a":0,"k":0,"ix":6},"o":{"a":0,"k":100,"ix":7},"sk":{"a":0,"k":0,"ix":4},"sa":{"a":0,"k":0,"ix":5},"nm":"Transform"}],"nm":"Group 10","np":4,"cix":2,"bm":0,"ix":10,"mn":"ADBE Vector Group","hd":false},{"ty":"gr","it":[{"ind":0,"ty":"sh","ix":1,"ks":{"a":0,"k":{"i":[[0,0],[-3.066,6.626],[-16.257,-0.981],[0,0],[3.841,-8.299],[-6.414,-9.01]],"o":[[-6.524,-9.169],[3.94,-8.504],[0,0],[-16.029,-0.967],[-2.986,6.448],[0,0]],"v":[[-8.997,18.656],[-14.355,-5.837],[17.421,-17.675],[17.389,-17.152],[-13.88,-5.616],[-8.566,18.355]],"c":true},"ix":2},"nm":"Path 1","mn":"ADBE Vector Shape - Group","hd":false},{"ty":"fl","c":{"a":0,"k":[0.941176530427,0.941176530427,0.941176530427,1],"ix":4},"o":{"a":0,"k":100,"ix":5},"r":1,"bm":0,"nm":"Fill 1","mn":"ADBE Vector Graphic - Fill","hd":false},{"ty":"tr","p":{"a":0,"k":[38.03,49.31],"ix":2},"a":{"a":0,"k":[0,0],"ix":1},"s":{"a":0,"k":[100,100],"ix":3},"r":{"a":0,"k":0,"ix":6},"o":{"a":0,"k":100,"ix":7},"sk":{"a":0,"k":0,"ix":4},"sa":{"a":0,"k":0,"ix":5},"nm":"Transform"}],"nm":"Group 11","np":4,"cix":2,"bm":0,"ix":11,"mn":"ADBE Vector Group","hd":false},{"ty":"gr","it":[{"ind":0,"ty":"sh","ix":1,"ks":{"a":0,"k":{"i":[[0,0],[5.674,13.01],[0,0],[-17.766,-11.954]],"o":[[-17.847,-12.009],[0,0],[5.635,12.919],[0,0]],"v":[[18.09,19.503],[-18.383,-19.294],[-17.904,-19.503],[18.383,19.069]],"c":true},"ix":2},"nm":"Path 1","mn":"ADBE Vector Shape - Group","hd":false},{"ty":"fl","c":{"a":0,"k":[0.941176530427,0.941176530427,0.941176530427,1],"ix":4},"o":{"a":0,"k":100,"ix":5},"r":1,"bm":0,"nm":"Fill 1","mn":"ADBE Vector Graphic - Fill","hd":false},{"ty":"tr","p":{"a":0,"k":[36.134,80.791],"ix":2},"a":{"a":0,"k":[0,0],"ix":1},"s":{"a":0,"k":[100,100],"ix":3},"r":{"a":0,"k":0,"ix":6},"o":{"a":0,"k":100,"ix":7},"sk":{"a":0,"k":0,"ix":4},"sa":{"a":0,"k":0,"ix":5},"nm":"Transform"}],"nm":"Group 12","np":4,"cix":2,"bm":0,"ix":12,"mn":"ADBE Vector Group","hd":false},{"ty":"gr","it":[{"ind":0,"ty":"sh","ix":1,"ks":{"a":0,"k":{"i":[[0,0],[-3.066,6.626],[-16.257,-0.981],[0,0],[3.842,-8.299],[-6.414,-9.009]],"o":[[-6.523,-9.168],[3.94,-8.504],[0,0],[-16.029,-0.967],[-2.986,6.449],[0,0]],"v":[[-8.997,18.656],[-14.355,-5.837],[17.421,-17.675],[17.389,-17.153],[-13.88,-5.617],[-8.566,18.354]],"c":true},"ix":2},"nm":"Path 1","mn":"ADBE Vector Shape - Group","hd":false},{"ty":"fl","c":{"a":0,"k":[0.941176530427,0.941176530427,0.941176530427,1],"ix":4},"o":{"a":0,"k":100,"ix":5},"r":1,"bm":0,"nm":"Fill 1","mn":"ADBE Vector Graphic - Fill","hd":false},{"ty":"tr","p":{"a":0,"k":[50.27,50.674],"ix":2},"a":{"a":0,"k":[0,0],"ix":1},"s":{"a":0,"k":[100,100],"ix":3},"r":{"a":0,"k":0,"ix":6},"o":{"a":0,"k":100,"ix":7},"sk":{"a":0,"k":0,"ix":4},"sa":{"a":0,"k":0,"ix":5},"nm":"Transform"}],"nm":"Group 13","np":4,"cix":2,"bm":0,"ix":13,"mn":"ADBE Vector Group","hd":false},{"ty":"gr","it":[{"ind":0,"ty":"sh","ix":1,"ks":{"a":0,"k":{"i":[[0,0],[-0.62,0.938],[0.155,-0.235],[1.241,-0.009],[0.019,0.118],[-0.12,0.015]],"o":[[1.124,0.002],[0.156,-0.238],[-0.689,1.033],[-0.12,0.011],[-0.014,-0.121],[0,0]],"v":[[-1.546,0.645],[1.249,-0.855],[1.596,-0.585],[-1.49,1.081],[-1.736,0.891],[-1.544,0.645]],"c":true},"ix":2},"nm":"Path 1","mn":"ADBE Vector Shape - Group","hd":false},{"ty":"fl","c":{"a":0,"k":[1,1,1,1],"ix":4},"o":{"a":0,"k":100,"ix":5},"r":1,"bm":0,"nm":"Fill 1","mn":"ADBE Vector Graphic - Fill","hd":false},{"ty":"tr","p":{"a":0,"k":[27.714,85.664],"ix":2},"a":{"a":0,"k":[0,0],"ix":1},"s":{"a":0,"k":[100,100],"ix":3},"r":{"a":0,"k":0,"ix":6},"o":{"a":0,"k":100,"ix":7},"sk":{"a":0,"k":0,"ix":4},"sa":{"a":0,"k":0,"ix":5},"nm":"Transform"}],"nm":"Group 14","np":4,"cix":2,"bm":0,"ix":14,"mn":"ADBE Vector Group","hd":false},{"ty":"gr","it":[{"ind":0,"ty":"sh","ix":1,"ks":{"a":0,"k":{"i":[[0,0],[3.137,1.454],[16.58,1.23],[0,0],[-18.114,-8.388],[-3.028,-1.612]],"o":[[-3.016,-1.607],[-18.059,-8.362],[0,0],[16.643,1.235],[3.148,1.457],[0,0]],"v":[[30.989,9.898],[21.714,5.285],[-31.234,-9.377],[-31.196,-9.898],[21.932,4.811],[31.234,9.436]],"c":true},"ix":2},"nm":"Path 1","mn":"ADBE Vector Shape - Group","hd":false},{"ty":"fl","c":{"a":0,"k":[0.941176530427,0.941176530427,0.941176530427,1],"ix":4},"o":{"a":0,"k":100,"ix":5},"r":1,"bm":0,"nm":"Fill 1","mn":"ADBE Vector Graphic - Fill","hd":false},{"ty":"tr","p":{"a":0,"k":[79.696,31.969],"ix":2},"a":{"a":0,"k":[0,0],"ix":1},"s":{"a":0,"k":[100,100],"ix":3},"r":{"a":0,"k":0,"ix":6},"o":{"a":0,"k":100,"ix":7},"sk":{"a":0,"k":0,"ix":4},"sa":{"a":0,"k":0,"ix":5},"nm":"Transform"}],"nm":"Group 15","np":4,"cix":2,"bm":0,"ix":15,"mn":"ADBE Vector Group","hd":false}],"ip":60,"op":60,"st":0,"bm":0,"hidden":0},{"ddd":0,"ind":6,"ty":4,"nm":"Shape Layer 1","sr":1,"ks":{"o":{"a":0,"k":100,"ix":11},"r":{"a":0,"k":0,"ix":10},"p":{"a":0,"k":[80.8,71.5,0],"ix":2},"a":{"a":0,"k":[0,0,0],"ix":1},"s":{"a":0,"k":[100,100,100],"ix":6}},"ao":0,"shapes":[{"ty":"gr","it":[{"d":1,"ty":"el","s":{"a":0,"k":[118,118],"ix":2},"p":{"a":0,"k":[0,0],"ix":3},"nm":"Ellipse Path 1","mn":"ADBE Vector Shape - Ellipse","hd":false},{"ty":"fl","c":{"a":0,"k":[0.933333337307,0.933333337307,0.933333337307,1],"ix":4},"o":{"a":0,"k":100,"ix":5},"r":1,"bm":0,"nm":"Fill 1","mn":"ADBE Vector Graphic - Fill","hd":false},{"ty":"tr","p":{"a":0,"k":[2,-1.5],"ix":2},"a":{"a":0,"k":[0,0],"ix":1},"s":{"a":0,"k":[100,100],"ix":3},"r":{"a":0,"k":0,"ix":6},"o":{"a":0,"k":100,"ix":7},"sk":{"a":0,"k":0,"ix":4},"sa":{"a":0,"k":0,"ix":5},"nm":"Transform"}],"nm":"Ellipse 2","np":3,"cix":2,"bm":0,"ix":1,"mn":"ADBE Vector Group","hd":false}],"ip":60,"op":60,"st":0,"bm":0,"hidden":0}],"markers":[]}